match_id,match_date,home_team,away_team,period,minute,second,team,player,jersey_number,position,event_type,outcome,recipient,x,y,end_x,end_y,xg,possession_team,duration,card,notes,home_colour,away_colour
FICTIONAL-DEMO-001,2026-08-16,Aurora Forge FC,Velvet Comet Athletic,1,1,21,Aurora Forge FC,Lucas Martin,6,Defensive Midfield,Pass,Complete,Archie Brown,56.4,47.2,78.5,61.8,,Aurora Forge FC,1.7,,,#6A3DB8,#18A6A6
FICTIONAL-DEMO-001,2026-08-16,Aurora Forge FC,Velvet Comet Athletic,1,1,30,Aurora Forge FC,Oliver Chen,3,Left Back,Pass,Complete,Charlie Davis,86.0,70.7,103.7,54.6,,Aurora Forge FC,0.6,,,#6A3DB8,#18A6A6
FICTIONAL-DEMO-001,2026-08-16,Aurora Forge FC,Velvet Comet Athletic,1,2,9,Aurora Forge FC,Charlie Davis,11,Left Wing,Pass,Complete,Oliver Chen,52.6,7.3,62.8,24.0,,Aurora Forge FC,0.7,,,#6A3DB8,#18A6A6
FICTIONAL-DEMO-001,2026-08-16,Aurora Forge FC,Velvet Comet Athletic,1,2,15,Velvet Comet Athletic,Cooper Wright,7,Right Wing,Pass,Complete,Harrison King,73.7,20.5,98.9,18.9,,Velvet Comet Athletic,2.3,,Progressive forward pass,#6A3DB8,#18A6A6
FICTIONAL-DEMO-001,2026-08-16,Aurora Forge FC,Velvet Comet Athletic,1,3,0,Velvet Comet Athletic,Harrison King,8,Centre Midfield,Pass,Complete,Mason Clark,25.9,19.7,48.0,13.4,,Velvet Comet Athletic,1.3,,,#6A3DB8,#18A6A6
FICTIONAL-DEMO-001,2026-08-16,Aurora Forge FC,Velvet Comet Athletic,1,3,38,Aurora Forge FC,Ethan Cole,4,Centre Back,Pass,Complete,Jack Murphy,17.8,37.4,44.6,30.6,,Aurora Forge FC,0.8,,Progressive forward pass,#6A3DB8,#18A6A6
FICTIONAL-DEMO-001,2026-08-16,Aurora Forge FC,Velvet Comet Athletic,1,4,25,Velvet Comet Athletic,Oscar Baker,9,Striker,Pass,Complete,William Scott,72.5,13.7,85.8,19.1,,Velvet Comet Athletic,0.9,,,#6A3DB8,#18A6A6
FICTIONAL-DEMO-001,2026-08-16,Aurora Forge FC,Velvet Comet Athletic,1,4,39,Aurora Forge FC,Noah Singh,2,Right Back,Pass,Complete,Leo Thompson,60.7,70.2,50.4,77.6,,Aurora Forge FC,1.8,,,#6A3DB8,#18A6A6
FICTIONAL-DEMO-001,2026-08-16,Aurora Forge FC,Velvet Comet Athletic,1,5,2,Aurora Forge FC,Oliver Chen,3,Left Back,Pass,Complete,Henry Wilson,51.4,65.4,70.7,62.5,,Aurora Forge FC,0.7,,,#6A3DB8,#18A6A6
FICTIONAL-DEMO-001,2026-08-16,Aurora Forge FC,Velvet Comet Athletic,1,5,6,Velvet Comet Athletic,Ryan Patel,1,Goalkeeper,Pass,Complete,Alexander Young,39.8,64.3,47.4,71.1,,Velvet Comet Athletic,2.3,,,#6A3DB8,#18A6A6
FICTIONAL-DEMO-001,2026-08-16,Aurora Forge FC,Velvet Comet Athletic,1,5,25,Aurora Forge FC,Noah Singh,2,Right Back,Interception,Won,,47.8,63.9,,,,Aurora Forge FC,1.2,,,#6A3DB8,#18A6A6
FICTIONAL-DEMO-001,2026-08-16,Aurora Forge FC,Velvet Comet Athletic,1,6,2,Aurora Forge FC,Charlie Davis,11,Left Wing,Pass,Complete,Max Anderson,41.1,56.1,54.0,64.1,,Aurora Forge FC,2.0,,,#6A3DB8,#18A6A6
FICTIONAL-DEMO-001,2026-08-16,Aurora Forge FC,Velvet Comet Athletic,1,6,19,Velvet Comet Athletic,Harrison King,8,Centre Midfield,Pass,Complete,Ryan Patel,78.8,38.5,93.7,37.5,,Velvet Comet Athletic,1.3,,,#6A3DB8,#18A6A6
FICTIONAL-DEMO-001,2026-08-16,Aurora Forge FC,Velvet Comet Athletic,1,6,37,Aurora Forge FC,Max Anderson,9,Striker,Shot,Off Target,,103,39,,,0.09,Aurora Forge FC,0.8,,Wide after cutback,#6A3DB8,#18A6A6
FICTIONAL-DEMO-001,2026-08-16,Aurora Forge FC,Velvet Comet Athletic,1,6,58,Aurora Forge FC,Archie Brown,10,Attacking Midfield,Duel,Won,,24.5,50.7,,,,Aurora Forge FC,0.5,,,#6A3DB8,#18A6A6
FICTIONAL-DEMO-001,2026-08-16,Aurora Forge FC,Velvet Comet Athletic,1,7,30,Velvet Comet Athletic,Joshua Hall,10,Attacking Midfield,Pressure,Applied,,48.8,9.7,,,,Velvet Comet Athletic,1.1,,,#6A3DB8,#18A6A6
FICTIONAL-DEMO-001,2026-08-16,Aurora Forge FC,Velvet Comet Athletic,1,7,34,Aurora Forge FC,Leo Thompson,7,Right Wing,Pass,Complete,Henry Wilson,51.6,58.7,80.5,61.9,,Aurora Forge FC,1.6,,Progressive forward pass,#6A3DB8,#18A6A6
FICTIONAL-DEMO-001,2026-08-16,Aurora Forge FC,Velvet Comet Athletic,1,7,38,Velvet Comet Athletic,James Lee,2,Right Back,Pressure,Applied,,104.6,34.6,,,,Velvet Comet Athletic,0.9,,,#6A3DB8,#18A6A6
FICTIONAL-DEMO-001,2026-08-16,Aurora Forge FC,Velvet Comet Athletic,1,7,44,Aurora Forge FC,Lucas Martin,6,Defensive Midfield,Pass,Complete,Noah Singh,44.5,8.6,41.4,22.6,,Aurora Forge FC,0.9,,,#6A3DB8,#18A6A6
FICTIONAL-DEMO-001,2026-08-16,Aurora Forge FC,Velvet Comet Athletic,1,8,1,Aurora Forge FC,Ethan Cole,4,Centre Back,Pass,Complete,Jack Murphy,94.6,22.7,119.0,28.9,,Aurora Forge FC,1.5,,,#6A3DB8,#18A6A6
FICTIONAL-DEMO-001,2026-08-16,Aurora Forge FC,Velvet Comet Athletic,1,8,37,Aurora Forge FC,Liam Hart,1,Goalkeeper,Pass,Incomplete,Henry Wilson,53.6,21.2,37.4,26.0,,Aurora Forge FC,1.4,,,#6A3DB8,#18A6A6
FICTIONAL-DEMO-001,2026-08-16,Aurora Forge FC,Velvet Comet Athletic,1,8,48,Aurora Forge FC,Henry Wilson,8,Centre Midfield,Pressure,Applied,,100.6,55.1,,,,Aurora Forge FC,0.6,,,#6A3DB8,#18A6A6
FICTIONAL-DEMO-001,2026-08-16,Aurora Forge FC,Velvet Comet Athletic,1,9,58,Aurora Forge FC,Charlie Davis,11,Left Wing,Pass,Complete,Archie Brown,94.8,61.0,84.7,53.2,,Aurora Forge FC,1.2,,,#6A3DB8,#18A6A6
FICTIONAL-DEMO-001,2026-08-16,Aurora Forge FC,Velvet Comet Athletic,1,10,9,Velvet Comet Athletic,William Scott,5,Centre Back,Pass,Complete,Jacob Green,22.3,35.1,11.1,44.7,,Velvet Comet Athletic,1.3,,,#6A3DB8,#18A6A6
FICTIONAL-DEMO-001,2026-08-16,Aurora Forge FC,Velvet Comet Athletic,1,10,33,Velvet Comet Athletic,Oscar Baker,9,Striker,Pass,Complete,Harrison King,78.4,69.6,71.1,79.0,,Velvet Comet Athletic,1.0,,,#6A3DB8,#18A6A6
FICTIONAL-DEMO-001,2026-08-16,Aurora Forge FC,Velvet Comet Athletic,1,11,22,Velvet Comet Athletic,Joshua Hall,10,Attacking Midfield,Pass,Complete,Jacob Green,80.8,71.5,90.7,72.7,,Velvet Comet Athletic,2.3,,,#6A3DB8,#18A6A6
FICTIONAL-DEMO-001,2026-08-16,Aurora Forge FC,Velvet Comet Athletic,1,11,31,Aurora Forge FC,Oliver Chen,3,Left Back,Pass,Complete,Charlie Davis,105.2,19.4,90.3,35.7,,Aurora Forge FC,1.7,,,#6A3DB8,#18A6A6
FICTIONAL-DEMO-001,2026-08-16,Aurora Forge FC,Velvet Comet Athletic,1,12,5,Velvet Comet Athletic,Joshua Hall,10,Attacking Midfield,Pass,Complete,Harrison King,25.8,67.8,48.5,59.4,,Velvet Comet Athletic,2.1,,,#6A3DB8,#18A6A6
FICTIONAL-DEMO-001,2026-08-16,Aurora Forge FC,Velvet Comet Athletic,1,12,9,Aurora Forge FC,Noah Singh,2,Right Back,Pressure,Applied,,33.6,41.0,,,,Aurora Forge FC,1.4,,,#6A3DB8,#18A6A6
FICTIONAL-DEMO-001,2026-08-16,Aurora Forge FC,Velvet Comet Athletic,1,12,15,Aurora Forge FC,Leo Thompson,7,Right Wing,Pass,Incomplete,Lucas Martin,65.9,15.5,74.2,6.6,,Aurora Forge FC,1.1,,,#6A3DB8,#18A6A6
FICTIONAL-DEMO-001,2026-08-16,Aurora Forge FC,Velvet Comet Athletic,1,12,52,Velvet Comet Athletic,Jacob Green,11,Left Wing,Shot,Saved,,105,55,,,0.11,Velvet Comet Athletic,0.8,,Low shot,#6A3DB8,#18A6A6
FICTIONAL-DEMO-001,2026-08-16,Aurora Forge FC,Velvet Comet Athletic,1,13,9,Velvet Comet Athletic,James Lee,2,Right Back,Pass,Incomplete,Alexander Young,57.0,71.4,83.8,67.0,,Velvet Comet Athletic,1.5,,Progressive forward pass,#6A3DB8,#18A6A6
FICTIONAL-DEMO-001,2026-08-16,Aurora Forge FC,Velvet Comet Athletic,1,13,46,Aurora Forge FC,Henry Wilson,8,Centre Midfield,Pass,Complete,Ethan Cole,40.7,42.4,63.6,28.2,,Aurora Forge FC,2.2,,,#6A3DB8,#18A6A6
FICTIONAL-DEMO-001,2026-08-16,Aurora Forge FC,Velvet Comet Athletic,1,14,25,Aurora Forge FC,Archie Brown,10,Attacking Midfield,Pass,Complete,Leo Thompson,69.0,53.4,84.3,43.6,,Aurora Forge FC,1.5,,,#6A3DB8,#18A6A6
FICTIONAL-DEMO-001,2026-08-16,Aurora Forge FC,Velvet Comet Athletic,1,14,31,Aurora Forge FC,Oliver Chen,3,Left Back,Pass,Complete,Charlie Davis,72.5,19.4,62.8,8.4,,Aurora Forge FC,1.5,,,#6A3DB8,#18A6A6
FICTIONAL-DEMO-001,2026-08-16,Aurora Forge FC,Velvet Comet Athletic,1,14,48,Aurora Forge FC,Max Anderson,9,Striker,Pressure,Applied,,77.7,35.3,,,,Aurora Forge FC,1.5,,,#6A3DB8,#18A6A6
FICTIONAL-DEMO-001,2026-08-16,Aurora Forge FC,Velvet Comet Athletic,1,15,5,Aurora Forge FC,Lucas Martin,6,Defensive Midfield,Pass,Complete,Charlie Davis,55.8,38.9,63.9,49.1,,Aurora Forge FC,0.7,,,#6A3DB8,#18A6A6
FICTIONAL-DEMO-001,2026-08-16,Aurora Forge FC,Velvet Comet Athletic,1,15,13,Velvet Comet Athletic,Thomas Evans,4,Centre Back,Pass,Complete,Joshua Hall,12.1,68.9,34.6,79.0,,Velvet Comet Athletic,1.5,,,#6A3DB8,#18A6A6
FICTIONAL-DEMO-001,2026-08-16,Aurora Forge FC,Velvet Comet Athletic,1,16,32,Aurora Forge FC,Leo Thompson,7,Right Wing,Interception,Won,,85.4,29.8,,,,Aurora Forge FC,0.9,,,#6A3DB8,#18A6A6
FICTIONAL-DEMO-001,2026-08-16,Aurora Forge FC,Velvet Comet Athletic,1,16,42,Aurora Forge FC,Liam Hart,1,Goalkeeper,Pass,Complete,Charlie Davis,65.8,21.6,91.4,17.4,,Aurora Forge FC,2.4,,Progressive forward pass,#6A3DB8,#18A6A6
FICTIONAL-DEMO-001,2026-08-16,Aurora Forge FC,Velvet Comet Athletic,1,16,43,Velvet Comet Athletic,Harrison King,8,Centre Midfield,Pass,Complete,William Scott,26.7,68.2,50.5,61.5,,Velvet Comet Athletic,1.4,,,#6A3DB8,#18A6A6
FICTIONAL-DEMO-001,2026-08-16,Aurora Forge FC,Velvet Comet Athletic,1,16,50,Aurora Forge FC,Liam Hart,1,Goalkeeper,Interception,Won,,92.0,16.6,,,,Aurora Forge FC,0.9,,,#6A3DB8,#18A6A6
FICTIONAL-DEMO-001,2026-08-16,Aurora Forge FC,Velvet Comet Athletic,1,17,12,Aurora Forge FC,Oliver Chen,3,Left Back,Pass,Incomplete,Max Anderson,80.9,46.2,104.2,40.5,,Aurora Forge FC,1.6,,,#6A3DB8,#18A6A6
FICTIONAL-DEMO-001,2026-08-16,Aurora Forge FC,Velvet Comet Athletic,1,17,18,Velvet Comet Athletic,Ryan Patel,1,Goalkeeper,Pass,Complete,Harrison King,15.9,66.8,44.3,74.6,,Velvet Comet Athletic,0.8,,Progressive forward pass,#6A3DB8,#18A6A6
FICTIONAL-DEMO-001,2026-08-16,Aurora Forge FC,Velvet Comet Athletic,1,18,13,Aurora Forge FC,Archie Brown,10,Attacking Midfield,Shot,Blocked,,98,31,,,0.06,Aurora Forge FC,0.8,,Edge of box,#6A3DB8,#18A6A6
FICTIONAL-DEMO-001,2026-08-16,Aurora Forge FC,Velvet Comet Athletic,1,18,51,Velvet Comet Athletic,Oscar Baker,9,Striker,Pass,Complete,Jacob Green,90.8,71.6,113.2,77.1,,Velvet Comet Athletic,1.5,,,#6A3DB8,#18A6A6
FICTIONAL-DEMO-001,2026-08-16,Aurora Forge FC,Velvet Comet Athletic,1,18,55,Aurora Forge FC,Ethan Cole,4,Centre Back,Pressure,Applied,,64.4,65.8,,,,Aurora Forge FC,1.7,,,#6A3DB8,#18A6A6
FICTIONAL-DEMO-001,2026-08-16,Aurora Forge FC,Velvet Comet Athletic,1,19,26,Aurora Forge FC,Lucas Martin,6,Defensive Midfield,Pass,Incomplete,Liam Hart,95.6,72.2,119.0,74.1,,Aurora Forge FC,1.6,,,#6A3DB8,#18A6A6
FICTIONAL-DEMO-001,2026-08-16,Aurora Forge FC,Velvet Comet Athletic,1,19,40,Aurora Forge FC,Ethan Cole,4,Centre Back,Pass,Complete,Jack Murphy,50.1,52.7,40.0,59.6,,Aurora Forge FC,2.2,,,#6A3DB8,#18A6A6
FICTIONAL-DEMO-001,2026-08-16,Aurora Forge FC,Velvet Comet Athletic,1,20,17,Velvet Comet Athletic,Joshua Hall,10,Attacking Midfield,Pass,Complete,William Scott,63.5,15.7,71.2,20.6,,Velvet Comet Athletic,0.7,,,#6A3DB8,#18A6A6
FICTIONAL-DEMO-001,2026-08-16,Aurora Forge FC,Velvet Comet Athletic,1,20,25,Velvet Comet Athletic,William Scott,5,Centre Back,Pressure,Applied,,43.0,18.5,,,,Velvet Comet Athletic,1.1,,,#6A3DB8,#18A6A6
FICTIONAL-DEMO-001,2026-08-16,Aurora Forge FC,Velvet Comet Athletic,1,20,31,Aurora Forge FC,Charlie Davis,11,Left Wing,Pass,Complete,Jack Murphy,23.1,22.3,47.1,15.8,,Aurora Forge FC,0.9,,,#6A3DB8,#18A6A6
FICTIONAL-DEMO-001,2026-08-16,Aurora Forge FC,Velvet Comet Athletic,1,20,41,Aurora Forge FC,Leo Thompson,7,Right Wing,Pressure,Applied,,38.5,30.6,,,,Aurora Forge FC,0.6,,,#6A3DB8,#18A6A6
FICTIONAL-DEMO-001,2026-08-16,Aurora Forge FC,Velvet Comet Athletic,1,20,46,Aurora Forge FC,Lucas Martin,6,Defensive Midfield,Pressure,Applied,,57.4,43.3,,,,Aurora Forge FC,1.3,,,#6A3DB8,#18A6A6
FICTIONAL-DEMO-001,2026-08-16,Aurora Forge FC,Velvet Comet Athletic,1,21,17,Velvet Comet Athletic,James Lee,2,Right Back,Pass,Incomplete,Thomas Evans,31.4,14.7,41.4,11.0,,Velvet Comet Athletic,1.4,,,#6A3DB8,#18A6A6
FICTIONAL-DEMO-001,2026-08-16,Aurora Forge FC,Velvet Comet Athletic,1,21,53,Velvet Comet Athletic,Mason Clark,6,Defensive Midfield,Pass,Complete,Thomas Evans,53.7,69.8,48.9,54.1,,Velvet Comet Athletic,0.8,,,#6A3DB8,#18A6A6
FICTIONAL-DEMO-001,2026-08-16,Aurora Forge FC,Velvet Comet Athletic,1,22,11,Aurora Forge FC,Henry Wilson,8,Centre Midfield,Pass,Complete,Leo Thompson,89.7,70.3,115.7,78.3,,Aurora Forge FC,0.8,,Progressive forward pass,#6A3DB8,#18A6A6
FICTIONAL-DEMO-001,2026-08-16,Aurora Forge FC,Velvet Comet Athletic,1,22,25,Velvet Comet Athletic,Ryan Patel,1,Goalkeeper,Pass,Complete,Cooper Wright,43.1,5.5,37.8,1.0,,Velvet Comet Athletic,1.9,,,#6A3DB8,#18A6A6
FICTIONAL-DEMO-001,2026-08-16,Aurora Forge FC,Velvet Comet Athletic,1,22,38,Velvet Comet Athletic,Joshua Hall,10,Attacking Midfield,Pressure,Applied,,62.4,24.6,,,,Velvet Comet Athletic,1.6,,,#6A3DB8,#18A6A6
FICTIONAL-DEMO-001,2026-08-16,Aurora Forge FC,Velvet Comet Athletic,1,23,9,Aurora Forge FC,Henry Wilson,8,Centre Midfield,Pass,Complete,Max Anderson,48.3,48.9,76.1,53.8,,Aurora Forge FC,2.1,,Progressive forward pass,#6A3DB8,#18A6A6
FICTIONAL-DEMO-001,2026-08-16,Aurora Forge FC,Velvet Comet Athletic,1,23,20,Velvet Comet Athletic,Alexander Young,3,Left Back,Pressure,Applied,,50.3,46.8,,,,Velvet Comet Athletic,1.1,,,#6A3DB8,#18A6A6
FICTIONAL-DEMO-001,2026-08-16,Aurora Forge FC,Velvet Comet Athletic,1,23,31,Aurora Forge FC,Charlie Davis,11,Left Wing,Pass,Complete,Ethan Cole,55.3,30.9,71.7,31.7,,Aurora Forge FC,1.8,,,#6A3DB8,#18A6A6
FICTIONAL-DEMO-001,2026-08-16,Aurora Forge FC,Velvet Comet Athletic,1,23,55,Velvet Comet Athletic,Joshua Hall,10,Attacking Midfield,Pressure,Applied,,40.9,48.4,,,,Velvet Comet Athletic,0.6,,,#6A3DB8,#18A6A6
FICTIONAL-DEMO-001,2026-08-16,Aurora Forge FC,Velvet Comet Athletic,1,24,25,Aurora Forge FC,Max Anderson,9,Striker,Shot,Goal,,111,42,,,0.34,Aurora Forge FC,0.8,,Central finish,#6A3DB8,#18A6A6
FICTIONAL-DEMO-001,2026-08-16,Aurora Forge FC,Velvet Comet Athletic,1,24,48,Aurora Forge FC,Liam Hart,1,Goalkeeper,Pass,Complete,Charlie Davis,42.9,55.1,29.8,52.3,,Aurora Forge FC,1.2,,,#6A3DB8,#18A6A6
FICTIONAL-DEMO-001,2026-08-16,Aurora Forge FC,Velvet Comet Athletic,1,24,59,Aurora Forge FC,Max Anderson,9,Striker,Pass,Complete,Oliver Chen,19.2,7.0,30.9,18.4,,Aurora Forge FC,2.2,,,#6A3DB8,#18A6A6
FICTIONAL-DEMO-001,2026-08-16,Aurora Forge FC,Velvet Comet Athletic,1,25,12,Velvet Comet Athletic,Thomas Evans,4,Centre Back,Pass,Complete,Ryan Patel,97.1,12.0,116.1,24.8,,Velvet Comet Athletic,2.2,,,#6A3DB8,#18A6A6
FICTIONAL-DEMO-001,2026-08-16,Aurora Forge FC,Velvet Comet Athletic,1,25,38,Velvet Comet Athletic,Thomas Evans,4,Centre Back,Pass,Incomplete,Harrison King,99.0,43.9,114.9,60.7,,Velvet Comet Athletic,1.1,,,#6A3DB8,#18A6A6
FICTIONAL-DEMO-001,2026-08-16,Aurora Forge FC,Velvet Comet Athletic,1,26,6,Velvet Comet Athletic,Harrison King,8,Centre Midfield,Pass,Complete,Joshua Hall,103.0,60.3,117.6,68.5,,Velvet Comet Athletic,1.9,,,#6A3DB8,#18A6A6
FICTIONAL-DEMO-001,2026-08-16,Aurora Forge FC,Velvet Comet Athletic,1,26,43,Aurora Forge FC,Oliver Chen,3,Left Back,Pass,Incomplete,Leo Thompson,40.4,38.2,51.4,50.6,,Aurora Forge FC,2.4,,,#6A3DB8,#18A6A6
FICTIONAL-DEMO-001,2026-08-16,Aurora Forge FC,Velvet Comet Athletic,1,27,59,Aurora Forge FC,Jack Murphy,5,Centre Back,Pass,Complete,Ethan Cole,41.9,72.4,35.2,62.7,,Aurora Forge FC,1.4,,,#6A3DB8,#18A6A6
FICTIONAL-DEMO-001,2026-08-16,Aurora Forge FC,Velvet Comet Athletic,1,28,5,Velvet Comet Athletic,Alexander Young,3,Left Back,Interception,Won,,27.8,4.4,,,,Velvet Comet Athletic,0.7,,,#6A3DB8,#18A6A6
FICTIONAL-DEMO-001,2026-08-16,Aurora Forge FC,Velvet Comet Athletic,1,28,8,Velvet Comet Athletic,Joshua Hall,10,Attacking Midfield,Pass,Complete,James Lee,85.0,38.5,109.8,26.6,,Velvet Comet Athletic,1.5,,,#6A3DB8,#18A6A6
FICTIONAL-DEMO-001,2026-08-16,Aurora Forge FC,Velvet Comet Athletic,1,28,26,Aurora Forge FC,Jack Murphy,5,Centre Back,Pressure,Applied,,84.0,64.5,,,,Aurora Forge FC,1.5,,,#6A3DB8,#18A6A6
FICTIONAL-DEMO-001,2026-08-16,Aurora Forge FC,Velvet Comet Athletic,1,28,39,Aurora Forge FC,Charlie Davis,11,Left Wing,Pass,Complete,Max Anderson,31.8,17.6,55.6,2.3,,Aurora Forge FC,1.4,,,#6A3DB8,#18A6A6
FICTIONAL-DEMO-001,2026-08-16,Aurora Forge FC,Velvet Comet Athletic,1,29,11,Aurora Forge FC,Lucas Martin,6,Defensive Midfield,Pressure,Applied,,99.5,49.4,,,,Aurora Forge FC,0.6,,,#6A3DB8,#18A6A6
FICTIONAL-DEMO-001,2026-08-16,Aurora Forge FC,Velvet Comet Athletic,1,29,19,Velvet Comet Athletic,Mason Clark,6,Defensive Midfield,Pass,Complete,Joshua Hall,46.1,24.4,61.9,13.0,,Velvet Comet Athletic,1.0,,,#6A3DB8,#18A6A6
FICTIONAL-DEMO-001,2026-08-16,Aurora Forge FC,Velvet Comet Athletic,1,29,34,Velvet Comet Athletic,James Lee,2,Right Back,Pressure,Applied,,105.8,5.6,,,,Velvet Comet Athletic,1.4,,,#6A3DB8,#18A6A6
FICTIONAL-DEMO-001,2026-08-16,Aurora Forge FC,Velvet Comet Athletic,1,29,45,Velvet Comet Athletic,Oscar Baker,9,Striker,Shot,Saved,,107,35,,,0.18,Velvet Comet Athletic,0.8,,One-on-one,#6A3DB8,#18A6A6
FICTIONAL-DEMO-001,2026-08-16,Aurora Forge FC,Velvet Comet Athletic,1,29,53,Aurora Forge FC,Jack Murphy,5,Centre Back,Pass,Complete,Archie Brown,21.7,74.0,9.8,74.1,,Aurora Forge FC,2.1,,,#6A3DB8,#18A6A6
FICTIONAL-DEMO-001,2026-08-16,Aurora Forge FC,Velvet Comet Athletic,1,30,17,Velvet Comet Athletic,James Lee,2,Right Back,Ball Recovery,Lost,,31.6,51.3,,,,Velvet Comet Athletic,1.2,,,#6A3DB8,#18A6A6
FICTIONAL-DEMO-001,2026-08-16,Aurora Forge FC,Velvet Comet Athletic,1,30,23,Aurora Forge FC,Noah Singh,2,Right Back,Pass,Complete,Oliver Chen,103.7,23.9,99.1,29.2,,Aurora Forge FC,1.4,,,#6A3DB8,#18A6A6
FICTIONAL-DEMO-001,2026-08-16,Aurora Forge FC,Velvet Comet Athletic,1,30,54,Aurora Forge FC,Liam Hart,1,Goalkeeper,Pass,Complete,Noah Singh,92.7,13.6,116.5,1.9,,Aurora Forge FC,2.1,,,#6A3DB8,#18A6A6
FICTIONAL-DEMO-001,2026-08-16,Aurora Forge FC,Velvet Comet Athletic,1,31,16,Aurora Forge FC,Jack Murphy,5,Centre Back,Pass,Complete,Lucas Martin,76.0,46.5,87.0,52.3,,Aurora Forge FC,1.6,,,#6A3DB8,#18A6A6
FICTIONAL-DEMO-001,2026-08-16,Aurora Forge FC,Velvet Comet Athletic,1,31,34,Aurora Forge FC,Ethan Cole,4,Centre Back,Pass,Incomplete,Lucas Martin,58.2,18.2,82.2,31.7,,Aurora Forge FC,2.3,,,#6A3DB8,#18A6A6
FICTIONAL-DEMO-001,2026-08-16,Aurora Forge FC,Velvet Comet Athletic,1,32,16,Velvet Comet Athletic,Ryan Patel,1,Goalkeeper,Duel,Lost,,21.3,22.4,,,,Velvet Comet Athletic,1.2,,,#6A3DB8,#18A6A6
FICTIONAL-DEMO-001,2026-08-16,Aurora Forge FC,Velvet Comet Athletic,1,32,28,Velvet Comet Athletic,Ryan Patel,1,Goalkeeper,Pass,Incomplete,Cooper Wright,65.8,59.0,59.8,70.2,,Velvet Comet Athletic,1.7,,,#6A3DB8,#18A6A6
FICTIONAL-DEMO-001,2026-08-16,Aurora Forge FC,Velvet Comet Athletic,1,32,47,Aurora Forge FC,Liam Hart,1,Goalkeeper,Pass,Complete,Henry Wilson,32.4,43.5,42.3,43.4,,Aurora Forge FC,0.8,,,#6A3DB8,#18A6A6
FICTIONAL-DEMO-001,2026-08-16,Aurora Forge FC,Velvet Comet Athletic,1,33,38,Velvet Comet Athletic,Ryan Patel,1,Goalkeeper,Pass,Complete,Cooper Wright,12.5,40.7,32.4,54.0,,Velvet Comet Athletic,1.6,,,#6A3DB8,#18A6A6
FICTIONAL-DEMO-001,2026-08-16,Aurora Forge FC,Velvet Comet Athletic,1,33,38,Velvet Comet Athletic,Ryan Patel,1,Goalkeeper,Pass,Complete,Joshua Hall,51.0,47.1,73.1,60.8,,Velvet Comet Athletic,1.1,,,#6A3DB8,#18A6A6
FICTIONAL-DEMO-001,2026-08-16,Aurora Forge FC,Velvet Comet Athletic,1,34,1,Velvet Comet Athletic,Harrison King,8,Centre Midfield,Block,Won,,34.1,55.6,,,,Velvet Comet Athletic,0.3,,,#6A3DB8,#18A6A6
FICTIONAL-DEMO-001,2026-08-16,Aurora Forge FC,Velvet Comet Athletic,1,34,11,Velvet Comet Athletic,Cooper Wright,7,Right Wing,Pass,Complete,James Lee,74.4,44.9,94.2,28.9,,Velvet Comet Athletic,0.7,,,#6A3DB8,#18A6A6
FICTIONAL-DEMO-001,2026-08-16,Aurora Forge FC,Velvet Comet Athletic,1,34,39,Velvet Comet Athletic,Joshua Hall,10,Attacking Midfield,Shot,Off Target,,101,46,,,0.08,Velvet Comet Athletic,0.8,,Under pressure,#6A3DB8,#18A6A6
FICTIONAL-DEMO-001,2026-08-16,Aurora Forge FC,Velvet Comet Athletic,1,34,58,Aurora Forge FC,Liam Hart,1,Goalkeeper,Pass,Incomplete,Noah Singh,34.9,25.0,57.6,35.9,,Aurora Forge FC,1.8,,,#6A3DB8,#18A6A6
FICTIONAL-DEMO-001,2026-08-16,Aurora Forge FC,Velvet Comet Athletic,1,35,21,Velvet Comet Athletic,Alexander Young,3,Left Back,Pass,Complete,Thomas Evans,33.5,41.9,18.6,57.0,,Velvet Comet Athletic,1.0,,,#6A3DB8,#18A6A6
FICTIONAL-DEMO-001,2026-08-16,Aurora Forge FC,Velvet Comet Athletic,1,35,21,Velvet Comet Athletic,Ryan Patel,1,Goalkeeper,Pass,Complete,Joshua Hall,49.3,45.5,77.4,59.7,,Velvet Comet Athletic,0.7,,Progressive forward pass,#6A3DB8,#18A6A6
FICTIONAL-DEMO-001,2026-08-16,Aurora Forge FC,Velvet Comet Athletic,1,36,9,Aurora Forge FC,Max Anderson,9,Striker,Duel,Won,,20.1,24.3,,,,Aurora Forge FC,0.5,,,#6A3DB8,#18A6A6
FICTIONAL-DEMO-001,2026-08-16,Aurora Forge FC,Velvet Comet Athletic,1,36,53,Aurora Forge FC,Ethan Cole,4,Centre Back,Pass,Complete,Archie Brown,66.0,5.0,60.0,7.5,,Aurora Forge FC,1.8,,,#6A3DB8,#18A6A6
FICTIONAL-DEMO-001,2026-08-16,Aurora Forge FC,Velvet Comet Athletic,1,36,59,Aurora Forge FC,Jack Murphy,5,Centre Back,Pressure,Applied,,41.4,9.8,,,,Aurora Forge FC,0.7,,,#6A3DB8,#18A6A6
FICTIONAL-DEMO-001,2026-08-16,Aurora Forge FC,Velvet Comet Athletic,1,37,3,Aurora Forge FC,Henry Wilson,8,Centre Midfield,Interception,Won,,35.9,15.7,,,,Aurora Forge FC,0.2,,,#6A3DB8,#18A6A6
FICTIONAL-DEMO-001,2026-08-16,Aurora Forge FC,Velvet Comet Athletic,1,37,20,Velvet Comet Athletic,Mason Clark,6,Defensive Midfield,Foul,Committed,,63,33,,,,Velvet Comet Athletic,0.5,Yellow Card,Late challenge,#6A3DB8,#18A6A6
FICTIONAL-DEMO-001,2026-08-16,Aurora Forge FC,Velvet Comet Athletic,1,37,24,Aurora Forge FC,Leo Thompson,7,Right Wing,Pressure,Applied,,66.1,49.8,,,,Aurora Forge FC,1.0,,,#6A3DB8,#18A6A6
FICTIONAL-DEMO-001,2026-08-16,Aurora Forge FC,Velvet Comet Athletic,1,37,30,Aurora Forge FC,Max Anderson,9,Striker,Pressure,Applied,,26.0,34.5,,,,Aurora Forge FC,1.0,,,#6A3DB8,#18A6A6
FICTIONAL-DEMO-001,2026-08-16,Aurora Forge FC,Velvet Comet Athletic,1,37,36,Velvet Comet Athletic,Alexander Young,3,Left Back,Pass,Complete,Cooper Wright,86.1,9.4,72.4,19.3,,Velvet Comet Athletic,1.4,,,#6A3DB8,#18A6A6
FICTIONAL-DEMO-001,2026-08-16,Aurora Forge FC,Velvet Comet Athletic,1,37,39,Velvet Comet Athletic,Cooper Wright,7,Right Wing,Pass,Incomplete,Joshua Hall,89.0,38.2,100.1,44.3,,Velvet Comet Athletic,1.6,,,#6A3DB8,#18A6A6
FICTIONAL-DEMO-001,2026-08-16,Aurora Forge FC,Velvet Comet Athletic,1,38,16,Aurora Forge FC,Max Anderson,9,Striker,Pass,Complete,Ethan Cole,52.9,40.9,72.9,46.2,,Aurora Forge FC,1.0,,,#6A3DB8,#18A6A6
FICTIONAL-DEMO-001,2026-08-16,Aurora Forge FC,Velvet Comet Athletic,1,38,22,Aurora Forge FC,Lucas Martin,6,Defensive Midfield,Pass,Complete,Archie Brown,85.5,45.6,99.3,28.8,,Aurora Forge FC,0.7,,,#6A3DB8,#18A6A6
FICTIONAL-DEMO-001,2026-08-16,Aurora Forge FC,Velvet Comet Athletic,1,38,46,Aurora Forge FC,Ethan Cole,4,Centre Back,Duel,Won,,76.6,33.9,,,,Aurora Forge FC,0.3,,,#6A3DB8,#18A6A6
FICTIONAL-DEMO-001,2026-08-16,Aurora Forge FC,Velvet Comet Athletic,1,39,8,Aurora Forge FC,Ethan Cole,4,Centre Back,Duel,Won,,60.5,71.2,,,,Aurora Forge FC,0.9,,,#6A3DB8,#18A6A6
FICTIONAL-DEMO-001,2026-08-16,Aurora Forge FC,Velvet Comet Athletic,1,39,31,Aurora Forge FC,Liam Hart,1,Goalkeeper,Pass,Complete,Jack Murphy,90.1,69.3,117.3,79.0,,Aurora Forge FC,2.2,,Progressive forward pass,#6A3DB8,#18A6A6
FICTIONAL-DEMO-001,2026-08-16,Aurora Forge FC,Velvet Comet Athletic,1,39,51,Velvet Comet Athletic,Oscar Baker,9,Striker,Pressure,Applied,,42.4,45.5,,,,Velvet Comet Athletic,1.0,,,#6A3DB8,#18A6A6
FICTIONAL-DEMO-001,2026-08-16,Aurora Forge FC,Velvet Comet Athletic,1,39,58,Velvet Comet Athletic,Ryan Patel,1,Goalkeeper,Pass,Complete,Jacob Green,65.5,73.6,75.2,78.8,,Velvet Comet Athletic,2.1,,,#6A3DB8,#18A6A6
FICTIONAL-DEMO-001,2026-08-16,Aurora Forge FC,Velvet Comet Athletic,1,40,7,Aurora Forge FC,Lucas Martin,6,Defensive Midfield,Pass,Incomplete,Archie Brown,36.9,64.8,44.6,73.4,,Aurora Forge FC,0.8,,,#6A3DB8,#18A6A6
FICTIONAL-DEMO-001,2026-08-16,Aurora Forge FC,Velvet Comet Athletic,1,40,15,Aurora Forge FC,Henry Wilson,8,Centre Midfield,Pass,Complete,Leo Thompson,37.2,34.9,61.1,23.1,,Aurora Forge FC,2.3,,,#6A3DB8,#18A6A6
FICTIONAL-DEMO-001,2026-08-16,Aurora Forge FC,Velvet Comet Athletic,1,41,46,Velvet Comet Athletic,Mason Clark,6,Defensive Midfield,Pass,Complete,Alexander Young,62.7,65.1,87.5,61.2,,Velvet Comet Athletic,2.3,,,#6A3DB8,#18A6A6
FICTIONAL-DEMO-001,2026-08-16,Aurora Forge FC,Velvet Comet Athletic,1,41,48,Aurora Forge FC,Charlie Davis,11,Left Wing,Shot,Saved,,105,22,,,0.12,Aurora Forge FC,0.8,,Left-channel chance,#6A3DB8,#18A6A6
FICTIONAL-DEMO-001,2026-08-16,Aurora Forge FC,Velvet Comet Athletic,1,41,50,Aurora Forge FC,Charlie Davis,11,Left Wing,Pass,Complete,Lucas Martin,100.6,10.5,92.8,1.0,,Aurora Forge FC,1.2,,,#6A3DB8,#18A6A6
FICTIONAL-DEMO-001,2026-08-16,Aurora Forge FC,Velvet Comet Athletic,1,42,26,Velvet Comet Athletic,Oscar Baker,9,Striker,Pass,Complete,Harrison King,96.4,60.5,104.6,59.0,,Velvet Comet Athletic,1.7,,,#6A3DB8,#18A6A6
FICTIONAL-DEMO-001,2026-08-16,Aurora Forge FC,Velvet Comet Athletic,1,42,49,Velvet Comet Athletic,Alexander Young,3,Left Back,Pass,Complete,Cooper Wright,89.5,49.8,111.0,60.0,,Velvet Comet Athletic,1.3,,,#6A3DB8,#18A6A6
FICTIONAL-DEMO-001,2026-08-16,Aurora Forge FC,Velvet Comet Athletic,1,43,12,Aurora Forge FC,Oliver Chen,3,Left Back,Pass,Complete,Lucas Martin,64.3,39.1,72.3,23.0,,Aurora Forge FC,1.4,,,#6A3DB8,#18A6A6
FICTIONAL-DEMO-001,2026-08-16,Aurora Forge FC,Velvet Comet Athletic,1,43,20,Aurora Forge FC,Jack Murphy,5,Centre Back,Pass,Complete,Noah Singh,41.5,61.6,51.9,64.5,,Aurora Forge FC,2.2,,,#6A3DB8,#18A6A6
FICTIONAL-DEMO-001,2026-08-16,Aurora Forge FC,Velvet Comet Athletic,1,43,28,Velvet Comet Athletic,James Lee,2,Right Back,Pressure,Applied,,51.5,57.5,,,,Velvet Comet Athletic,0.6,,,#6A3DB8,#18A6A6
FICTIONAL-DEMO-001,2026-08-16,Aurora Forge FC,Velvet Comet Athletic,1,43,47,Velvet Comet Athletic,Joshua Hall,10,Attacking Midfield,Pressure,Applied,,73.9,10.4,,,,Velvet Comet Athletic,1.2,,,#6A3DB8,#18A6A6
FICTIONAL-DEMO-001,2026-08-16,Aurora Forge FC,Velvet Comet Athletic,1,44,23,Velvet Comet Athletic,Thomas Evans,4,Centre Back,Pass,Complete,William Scott,19.6,62.1,27.9,72.3,,Velvet Comet Athletic,1.5,,,#6A3DB8,#18A6A6
FICTIONAL-DEMO-001,2026-08-16,Aurora Forge FC,Velvet Comet Athletic,1,44,50,Velvet Comet Athletic,Ryan Patel,1,Goalkeeper,Pass,Complete,James Lee,90.8,51.1,109.7,44.0,,Velvet Comet Athletic,1.5,,,#6A3DB8,#18A6A6
FICTIONAL-DEMO-001,2026-08-16,Aurora Forge FC,Velvet Comet Athletic,1,44,50,Aurora Forge FC,Max Anderson,9,Striker,Pressure,Applied,,68.5,19.9,,,,Aurora Forge FC,1.6,,,#6A3DB8,#18A6A6
FICTIONAL-DEMO-001,2026-08-16,Aurora Forge FC,Velvet Comet Athletic,1,45,34,Aurora Forge FC,Noah Singh,2,Right Back,Pressure,Applied,,73.4,69.3,,,,Aurora Forge FC,1.3,,,#6A3DB8,#18A6A6
FICTIONAL-DEMO-001,2026-08-16,Aurora Forge FC,Velvet Comet Athletic,1,45,36,Velvet Comet Athletic,William Scott,5,Centre Back,Pass,Complete,Alexander Young,58.0,32.6,65.6,22.9,,Velvet Comet Athletic,0.6,,,#6A3DB8,#18A6A6
FICTIONAL-DEMO-001,2026-08-16,Aurora Forge FC,Velvet Comet Athletic,2,46,29,Velvet Comet Athletic,Thomas Evans,4,Centre Back,Pass,Complete,Alexander Young,36.9,37.2,28.9,25.4,,Velvet Comet Athletic,2.3,,,#6A3DB8,#18A6A6
FICTIONAL-DEMO-001,2026-08-16,Aurora Forge FC,Velvet Comet Athletic,2,46,43,Aurora Forge FC,Henry Wilson,8,Centre Midfield,Pass,Complete,Lucas Martin,29.2,14.7,38.2,6.8,,Aurora Forge FC,1.3,,,#6A3DB8,#18A6A6
FICTIONAL-DEMO-001,2026-08-16,Aurora Forge FC,Velvet Comet Athletic,2,47,19,Velvet Comet Athletic,Cooper Wright,7,Right Wing,Pressure,Applied,,33.6,32.5,,,,Velvet Comet Athletic,1.5,,,#6A3DB8,#18A6A6
FICTIONAL-DEMO-001,2026-08-16,Aurora Forge FC,Velvet Comet Athletic,2,47,27,Aurora Forge FC,Max Anderson,9,Striker,Pass,Complete,Charlie Davis,36.5,52.3,63.9,59.4,,Aurora Forge FC,1.2,,Progressive forward pass,#6A3DB8,#18A6A6
FICTIONAL-DEMO-001,2026-08-16,Aurora Forge FC,Velvet Comet Athletic,2,47,49,Aurora Forge FC,Max Anderson,9,Striker,Pass,Complete,Oliver Chen,82.6,63.5,106.5,62.7,,Aurora Forge FC,1.0,,,#6A3DB8,#18A6A6
FICTIONAL-DEMO-001,2026-08-16,Aurora Forge FC,Velvet Comet Athletic,2,48,10,Aurora Forge FC,Charlie Davis,11,Left Wing,Pressure,Applied,,101.2,70.9,,,,Aurora Forge FC,1.3,,,#6A3DB8,#18A6A6
FICTIONAL-DEMO-001,2026-08-16,Aurora Forge FC,Velvet Comet Athletic,2,48,12,Aurora Forge FC,Liam Hart,1,Goalkeeper,Pass,Complete,Oliver Chen,101.6,59.0,119.0,57.4,,Aurora Forge FC,2.2,,,#6A3DB8,#18A6A6
FICTIONAL-DEMO-001,2026-08-16,Aurora Forge FC,Velvet Comet Athletic,2,48,17,Aurora Forge FC,Archie Brown,10,Attacking Midfield,Pass,Complete,Noah Singh,73.3,59.2,90.6,52.8,,Aurora Forge FC,2.1,,,#6A3DB8,#18A6A6
FICTIONAL-DEMO-001,2026-08-16,Aurora Forge FC,Velvet Comet Athletic,2,48,31,Velvet Comet Athletic,Oscar Baker,9,Striker,Shot,Goal,,109,40,,,0.27,Velvet Comet Athletic,0.8,,Through-ball finish,#6A3DB8,#18A6A6
FICTIONAL-DEMO-001,2026-08-16,Aurora Forge FC,Velvet Comet Athletic,2,48,32,Aurora Forge FC,Archie Brown,10,Attacking Midfield,Block,Won,,23.4,64.6,,,,Aurora Forge FC,1.2,,,#6A3DB8,#18A6A6
FICTIONAL-DEMO-001,2026-08-16,Aurora Forge FC,Velvet Comet Athletic,2,49,10,Velvet Comet Athletic,Thomas Evans,4,Centre Back,Pass,Complete,Ryan Patel,97.8,37.7,81.1,41.1,,Velvet Comet Athletic,1.8,,,#6A3DB8,#18A6A6
FICTIONAL-DEMO-001,2026-08-16,Aurora Forge FC,Velvet Comet Athletic,2,49,36,Aurora Forge FC,Archie Brown,10,Attacking Midfield,Interception,Won,,54.1,51.4,,,,Aurora Forge FC,0.7,,,#6A3DB8,#18A6A6
FICTIONAL-DEMO-001,2026-08-16,Aurora Forge FC,Velvet Comet Athletic,2,49,49,Velvet Comet Athletic,Harrison King,8,Centre Midfield,Pressure,Applied,,39.1,29.9,,,,Velvet Comet Athletic,0.6,,,#6A3DB8,#18A6A6
FICTIONAL-DEMO-001,2026-08-16,Aurora Forge FC,Velvet Comet Athletic,2,49,55,Aurora Forge FC,Charlie Davis,11,Left Wing,Pass,Incomplete,Max Anderson,86.7,50.2,96.9,58.3,,Aurora Forge FC,2.2,,,#6A3DB8,#18A6A6
FICTIONAL-DEMO-001,2026-08-16,Aurora Forge FC,Velvet Comet Athletic,2,50,27,Velvet Comet Athletic,Ryan Patel,1,Goalkeeper,Pass,Complete,Joshua Hall,49.6,41.0,46.4,38.9,,Velvet Comet Athletic,0.7,,,#6A3DB8,#18A6A6
FICTIONAL-DEMO-001,2026-08-16,Aurora Forge FC,Velvet Comet Athletic,2,50,58,Velvet Comet Athletic,Cooper Wright,7,Right Wing,Pass,Complete,Ryan Patel,55.1,33.8,38.4,30.8,,Velvet Comet Athletic,1.3,,,#6A3DB8,#18A6A6
FICTIONAL-DEMO-001,2026-08-16,Aurora Forge FC,Velvet Comet Athletic,2,51,11,Velvet Comet Athletic,Thomas Evans,4,Centre Back,Pass,Complete,Joshua Hall,62.4,65.1,76.4,76.4,,Velvet Comet Athletic,1.6,,,#6A3DB8,#18A6A6
FICTIONAL-DEMO-001,2026-08-16,Aurora Forge FC,Velvet Comet Athletic,2,51,49,Aurora Forge FC,Henry Wilson,8,Centre Midfield,Pass,Complete,Charlie Davis,58.3,29.1,47.0,18.7,,Aurora Forge FC,1.2,,,#6A3DB8,#18A6A6
FICTIONAL-DEMO-001,2026-08-16,Aurora Forge FC,Velvet Comet Athletic,2,52,19,Aurora Forge FC,Liam Hart,1,Goalkeeper,Block,Won,,43.6,15.6,,,,Aurora Forge FC,1.0,,,#6A3DB8,#18A6A6
FICTIONAL-DEMO-001,2026-08-16,Aurora Forge FC,Velvet Comet Athletic,2,52,20,Aurora Forge FC,Noah Singh,2,Right Back,Pass,Complete,Liam Hart,103.7,36.6,86.9,36.0,,Aurora Forge FC,2.1,,,#6A3DB8,#18A6A6
FICTIONAL-DEMO-001,2026-08-16,Aurora Forge FC,Velvet Comet Athletic,2,52,29,Aurora Forge FC,Max Anderson,9,Striker,Pass,Complete,Oliver Chen,24.9,57.8,52.3,64.5,,Aurora Forge FC,0.8,,Progressive forward pass,#6A3DB8,#18A6A6
FICTIONAL-DEMO-001,2026-08-16,Aurora Forge FC,Velvet Comet Athletic,2,53,11,Aurora Forge FC,Jack Murphy,5,Centre Back,Pass,Incomplete,Max Anderson,79.0,26.6,102.6,37.1,,Aurora Forge FC,2.3,,,#6A3DB8,#18A6A6
FICTIONAL-DEMO-001,2026-08-16,Aurora Forge FC,Velvet Comet Athletic,2,53,30,Velvet Comet Athletic,James Lee,2,Right Back,Pass,Incomplete,Jacob Green,82.0,38.8,98.7,29.2,,Velvet Comet Athletic,1.5,,,#6A3DB8,#18A6A6
FICTIONAL-DEMO-001,2026-08-16,Aurora Forge FC,Velvet Comet Athletic,2,53,36,Aurora Forge FC,Leo Thompson,7,Right Wing,Shot,Off Target,,104,58,,,0.10,Aurora Forge FC,0.8,,Right-channel shot,#6A3DB8,#18A6A6
FICTIONAL-DEMO-001,2026-08-16,Aurora Forge FC,Velvet Comet Athletic,2,54,8,Aurora Forge FC,Max Anderson,9,Striker,Ball Recovery,Won,,34.6,61.9,,,,Aurora Forge FC,0.5,,,#6A3DB8,#18A6A6
FICTIONAL-DEMO-001,2026-08-16,Aurora Forge FC,Velvet Comet Athletic,2,54,30,Velvet Comet Athletic,Alexander Young,3,Left Back,Pressure,Applied,,100.3,73.6,,,,Velvet Comet Athletic,1.3,,,#6A3DB8,#18A6A6
FICTIONAL-DEMO-001,2026-08-16,Aurora Forge FC,Velvet Comet Athletic,2,54,32,Velvet Comet Athletic,Cooper Wright,7,Right Wing,Pass,Incomplete,Ryan Patel,100.8,71.2,119.0,56.0,,Velvet Comet Athletic,1.2,,,#6A3DB8,#18A6A6
FICTIONAL-DEMO-001,2026-08-16,Aurora Forge FC,Velvet Comet Athletic,2,55,14,Aurora Forge FC,Oliver Chen,3,Left Back,Pass,Incomplete,Jack Murphy,47.0,8.0,67.9,2.3,,Aurora Forge FC,2.2,,,#6A3DB8,#18A6A6
FICTIONAL-DEMO-001,2026-08-16,Aurora Forge FC,Velvet Comet Athletic,2,55,21,Velvet Comet Athletic,William Scott,5,Centre Back,Pass,Complete,Joshua Hall,65.0,14.1,72.1,28.2,,Velvet Comet Athletic,1.2,,,#6A3DB8,#18A6A6
FICTIONAL-DEMO-001,2026-08-16,Aurora Forge FC,Velvet Comet Athletic,2,56,31,Aurora Forge FC,Lucas Martin,6,Defensive Midfield,Pass,Complete,Archie Brown,46.8,25.8,35.6,33.7,,Aurora Forge FC,2.2,,,#6A3DB8,#18A6A6
FICTIONAL-DEMO-001,2026-08-16,Aurora Forge FC,Velvet Comet Athletic,2,56,41,Velvet Comet Athletic,Jacob Green,11,Left Wing,Pass,Complete,James Lee,38.2,7.7,56.3,1.0,,Velvet Comet Athletic,1.5,,,#6A3DB8,#18A6A6
FICTIONAL-DEMO-001,2026-08-16,Aurora Forge FC,Velvet Comet Athletic,2,57,10,Aurora Forge FC,Lucas Martin,6,Defensive Midfield,Pass,Complete,Ethan Cole,98.4,44.6,82.8,31.8,,Aurora Forge FC,1.4,,,#6A3DB8,#18A6A6
FICTIONAL-DEMO-001,2026-08-16,Aurora Forge FC,Velvet Comet Athletic,2,57,36,Aurora Forge FC,Archie Brown,10,Attacking Midfield,Pass,Complete,Ethan Cole,67.2,32.2,81.9,30.6,,Aurora Forge FC,2.0,,,#6A3DB8,#18A6A6
FICTIONAL-DEMO-001,2026-08-16,Aurora Forge FC,Velvet Comet Athletic,2,57,42,Aurora Forge FC,Max Anderson,9,Striker,Pressure,Applied,,89.6,55.6,,,,Aurora Forge FC,1.7,,,#6A3DB8,#18A6A6
FICTIONAL-DEMO-001,2026-08-16,Aurora Forge FC,Velvet Comet Athletic,2,57,43,Aurora Forge FC,Archie Brown,10,Attacking Midfield,Ball Recovery,Won,,99.8,31.3,,,,Aurora Forge FC,0.9,,,#6A3DB8,#18A6A6
FICTIONAL-DEMO-001,2026-08-16,Aurora Forge FC,Velvet Comet Athletic,2,58,15,Aurora Forge FC,Leo Thompson,7,Right Wing,Pass,Complete,Oliver Chen,93.4,29.5,112.9,24.2,,Aurora Forge FC,1.5,,,#6A3DB8,#18A6A6
FICTIONAL-DEMO-001,2026-08-16,Aurora Forge FC,Velvet Comet Athletic,2,58,24,Aurora Forge FC,Charlie Davis,11,Left Wing,Pass,Complete,Noah Singh,105.4,17.3,119.0,24.1,,Aurora Forge FC,1.4,,,#6A3DB8,#18A6A6
FICTIONAL-DEMO-001,2026-08-16,Aurora Forge FC,Velvet Comet Athletic,2,58,24,Aurora Forge FC,Archie Brown,10,Attacking Midfield,Shot,Blocked,,100,39,,,0.07,Aurora Forge FC,0.8,,Second ball,#6A3DB8,#18A6A6
FICTIONAL-DEMO-001,2026-08-16,Aurora Forge FC,Velvet Comet Athletic,2,59,6,Aurora Forge FC,Ethan Cole,4,Centre Back,Pass,Complete,Charlie Davis,76.3,22.0,99.1,7.7,,Aurora Forge FC,0.9,,,#6A3DB8,#18A6A6
FICTIONAL-DEMO-001,2026-08-16,Aurora Forge FC,Velvet Comet Athletic,2,59,21,Aurora Forge FC,Charlie Davis,11,Left Wing,Pass,Complete,Max Anderson,65.3,35.9,73.8,42.6,,Aurora Forge FC,2.3,,,#6A3DB8,#18A6A6
FICTIONAL-DEMO-001,2026-08-16,Aurora Forge FC,Velvet Comet Athletic,2,59,57,Aurora Forge FC,Noah Singh,2,Right Back,Pressure,Applied,,88.0,50.6,,,,Aurora Forge FC,0.6,,,#6A3DB8,#18A6A6
FICTIONAL-DEMO-001,2026-08-16,Aurora Forge FC,Velvet Comet Athletic,2,60,1,Aurora Forge FC,Leo Thompson,7,Right Wing,Pressure,Applied,,94.7,34.4,,,,Aurora Forge FC,1.0,,,#6A3DB8,#18A6A6
FICTIONAL-DEMO-001,2026-08-16,Aurora Forge FC,Velvet Comet Athletic,2,60,34,Velvet Comet Athletic,Alexander Young,3,Left Back,Pass,Complete,Ryan Patel,64.5,63.9,80.1,75.9,,Velvet Comet Athletic,1.2,,,#6A3DB8,#18A6A6
FICTIONAL-DEMO-001,2026-08-16,Aurora Forge FC,Velvet Comet Athletic,2,60,37,Aurora Forge FC,Oliver Chen,3,Left Back,Pass,Complete,Charlie Davis,78.8,45.2,93.5,29.2,,Aurora Forge FC,1.4,,,#6A3DB8,#18A6A6
FICTIONAL-DEMO-001,2026-08-16,Aurora Forge FC,Velvet Comet Athletic,2,61,33,Velvet Comet Athletic,Alexander Young,3,Left Back,Pass,Complete,James Lee,52.4,57.3,62.5,56.5,,Velvet Comet Athletic,1.2,,,#6A3DB8,#18A6A6
FICTIONAL-DEMO-001,2026-08-16,Aurora Forge FC,Velvet Comet Athletic,2,61,54,Velvet Comet Athletic,Alexander Young,3,Left Back,Pass,Complete,William Scott,73.1,25.3,81.8,38.7,,Velvet Comet Athletic,2.0,,,#6A3DB8,#18A6A6
FICTIONAL-DEMO-001,2026-08-16,Aurora Forge FC,Velvet Comet Athletic,2,62,8,Aurora Forge FC,Jack Murphy,5,Centre Back,Foul,Committed,,72,47,,,,Aurora Forge FC,0.5,Yellow Card,Stopped transition,#6A3DB8,#18A6A6
FICTIONAL-DEMO-001,2026-08-16,Aurora Forge FC,Velvet Comet Athletic,2,62,30,Aurora Forge FC,Jack Murphy,5,Centre Back,Pressure,Applied,,89.8,29.9,,,,Aurora Forge FC,1.0,,,#6A3DB8,#18A6A6
FICTIONAL-DEMO-001,2026-08-16,Aurora Forge FC,Velvet Comet Athletic,2,62,33,Aurora Forge FC,Jack Murphy,5,Centre Back,Ball Recovery,Lost,,94.8,26.0,,,,Aurora Forge FC,1.0,,,#6A3DB8,#18A6A6
FICTIONAL-DEMO-001,2026-08-16,Aurora Forge FC,Velvet Comet Athletic,2,62,33,Aurora Forge FC,Archie Brown,10,Attacking Midfield,Interception,Won,,81.7,22.9,,,,Aurora Forge FC,0.2,,,#6A3DB8,#18A6A6
FICTIONAL-DEMO-001,2026-08-16,Aurora Forge FC,Velvet Comet Athletic,2,62,38,Aurora Forge FC,Ethan Cole,4,Centre Back,Pass,Complete,Noah Singh,54.4,33.9,49.8,43.1,,Aurora Forge FC,1.6,,,#6A3DB8,#18A6A6
FICTIONAL-DEMO-001,2026-08-16,Aurora Forge FC,Velvet Comet Athletic,2,62,38,Aurora Forge FC,Max Anderson,9,Striker,Pass,Complete,Henry Wilson,66.7,55.3,85.4,46.5,,Aurora Forge FC,1.3,,,#6A3DB8,#18A6A6
FICTIONAL-DEMO-001,2026-08-16,Aurora Forge FC,Velvet Comet Athletic,2,63,26,Aurora Forge FC,Ethan Cole,4,Centre Back,Pass,Incomplete,Oliver Chen,84.8,30.0,70.3,40.4,,Aurora Forge FC,1.9,,,#6A3DB8,#18A6A6
FICTIONAL-DEMO-001,2026-08-16,Aurora Forge FC,Velvet Comet Athletic,2,64,11,Velvet Comet Athletic,Joshua Hall,10,Attacking Midfield,Pass,Complete,Harrison King,76.6,28.1,67.0,19.0,,Velvet Comet Athletic,1.8,,,#6A3DB8,#18A6A6
FICTIONAL-DEMO-001,2026-08-16,Aurora Forge FC,Velvet Comet Athletic,2,64,14,Aurora Forge FC,Archie Brown,10,Attacking Midfield,Pass,Complete,Lucas Martin,33.2,44.7,59.5,62.0,,Aurora Forge FC,0.7,,Progressive forward pass,#6A3DB8,#18A6A6
FICTIONAL-DEMO-001,2026-08-16,Aurora Forge FC,Velvet Comet Athletic,2,64,23,Velvet Comet Athletic,Cooper Wright,7,Right Wing,Shot,Off Target,,102,60,,,0.05,Velvet Comet Athletic,0.8,,Difficult angle,#6A3DB8,#18A6A6
FICTIONAL-DEMO-001,2026-08-16,Aurora Forge FC,Velvet Comet Athletic,2,64,26,Velvet Comet Athletic,Joshua Hall,10,Attacking Midfield,Block,Lost,,46.2,44.8,,,,Velvet Comet Athletic,0.7,,,#6A3DB8,#18A6A6
FICTIONAL-DEMO-001,2026-08-16,Aurora Forge FC,Velvet Comet Athletic,2,65,4,Velvet Comet Athletic,Jacob Green,11,Left Wing,Duel,Won,,27.8,53.8,,,,Velvet Comet Athletic,0.7,,,#6A3DB8,#18A6A6
FICTIONAL-DEMO-001,2026-08-16,Aurora Forge FC,Velvet Comet Athletic,2,65,26,Velvet Comet Athletic,William Scott,5,Centre Back,Pass,Complete,Alexander Young,25.3,48.6,18.9,57.3,,Velvet Comet Athletic,1.7,,,#6A3DB8,#18A6A6
FICTIONAL-DEMO-001,2026-08-16,Aurora Forge FC,Velvet Comet Athletic,2,65,27,Aurora Forge FC,Max Anderson,9,Striker,Pass,Incomplete,Henry Wilson,96.3,73.5,118.8,58.1,,Aurora Forge FC,1.3,,,#6A3DB8,#18A6A6
FICTIONAL-DEMO-001,2026-08-16,Aurora Forge FC,Velvet Comet Athletic,2,66,2,Aurora Forge FC,Charlie Davis,11,Left Wing,Pass,Complete,Henry Wilson,42.0,53.5,70.2,58.8,,Aurora Forge FC,0.7,,Progressive forward pass,#6A3DB8,#18A6A6
FICTIONAL-DEMO-001,2026-08-16,Aurora Forge FC,Velvet Comet Athletic,2,66,42,Velvet Comet Athletic,Ryan Patel,1,Goalkeeper,Block,Won,,75.5,27.3,,,,Velvet Comet Athletic,0.4,,,#6A3DB8,#18A6A6
FICTIONAL-DEMO-001,2026-08-16,Aurora Forge FC,Velvet Comet Athletic,2,66,47,Velvet Comet Athletic,Jacob Green,11,Left Wing,Pass,Complete,Ryan Patel,27.2,21.2,13.7,29.7,,Velvet Comet Athletic,1.4,,,#6A3DB8,#18A6A6
FICTIONAL-DEMO-001,2026-08-16,Aurora Forge FC,Velvet Comet Athletic,2,67,38,Velvet Comet Athletic,James Lee,2,Right Back,Pressure,Applied,,40.4,28.5,,,,Velvet Comet Athletic,1.2,,,#6A3DB8,#18A6A6
FICTIONAL-DEMO-001,2026-08-16,Aurora Forge FC,Velvet Comet Athletic,2,67,49,Aurora Forge FC,Leo Thompson,7,Right Wing,Pass,Complete,Liam Hart,106.5,66.1,119.0,49.1,,Aurora Forge FC,1.9,,,#6A3DB8,#18A6A6
FICTIONAL-DEMO-001,2026-08-16,Aurora Forge FC,Velvet Comet Athletic,2,67,55,Aurora Forge FC,Oliver Chen,3,Left Back,Pass,Complete,Leo Thompson,60.9,40.6,82.2,57.8,,Aurora Forge FC,1.5,,,#6A3DB8,#18A6A6
FICTIONAL-DEMO-001,2026-08-16,Aurora Forge FC,Velvet Comet Athletic,2,67,57,Velvet Comet Athletic,Alexander Young,3,Left Back,Pressure,Applied,,102.7,55.0,,,,Velvet Comet Athletic,1.1,,,#6A3DB8,#18A6A6
FICTIONAL-DEMO-001,2026-08-16,Aurora Forge FC,Velvet Comet Athletic,2,68,0,Aurora Forge FC,Henry Wilson,8,Centre Midfield,Substitution,Tactical,Sam Taylor,60,40,,,,Aurora Forge FC,0.5,,Sam Taylor replaces Henry Wilson,#6A3DB8,#18A6A6
FICTIONAL-DEMO-001,2026-08-16,Aurora Forge FC,Velvet Comet Athletic,2,68,21,Aurora Forge FC,Ethan Cole,4,Centre Back,Pass,Complete,Liam Hart,24.9,62.2,49.8,45.7,,Aurora Forge FC,1.6,,,#6A3DB8,#18A6A6
FICTIONAL-DEMO-001,2026-08-16,Aurora Forge FC,Velvet Comet Athletic,2,68,55,Velvet Comet Athletic,Mason Clark,6,Defensive Midfield,Pass,Complete,William Scott,79.5,64.7,86.5,49.7,,Velvet Comet Athletic,2.0,,,#6A3DB8,#18A6A6
FICTIONAL-DEMO-001,2026-08-16,Aurora Forge FC,Velvet Comet Athletic,2,69,29,Aurora Forge FC,Noah Singh,2,Right Back,Ball Recovery,Won,,71.3,39.8,,,,Aurora Forge FC,0.7,,,#6A3DB8,#18A6A6
FICTIONAL-DEMO-001,2026-08-16,Aurora Forge FC,Velvet Comet Athletic,2,69,30,Velvet Comet Athletic,William Scott,5,Centre Back,Pass,Incomplete,Mason Clark,99.9,28.5,119.0,30.6,,Velvet Comet Athletic,1.8,,,#6A3DB8,#18A6A6
FICTIONAL-DEMO-001,2026-08-16,Aurora Forge FC,Velvet Comet Athletic,2,69,53,Velvet Comet Athletic,Cooper Wright,7,Right Wing,Pass,Complete,Xavier Nelson,14.9,43.9,32.3,36.9,,Velvet Comet Athletic,0.8,,,#6A3DB8,#18A6A6
FICTIONAL-DEMO-001,2026-08-16,Aurora Forge FC,Velvet Comet Athletic,2,70,4,Velvet Comet Athletic,Thomas Evans,4,Centre Back,Pressure,Applied,,53.5,53.9,,,,Velvet Comet Athletic,1.1,,,#6A3DB8,#18A6A6
FICTIONAL-DEMO-001,2026-08-16,Aurora Forge FC,Velvet Comet Athletic,2,70,14,Aurora Forge FC,Ethan Cole,4,Centre Back,Duel,Won,,39.1,28.9,,,,Aurora Forge FC,0.8,,,#6A3DB8,#18A6A6
FICTIONAL-DEMO-001,2026-08-16,Aurora Forge FC,Velvet Comet Athletic,2,70,15,Aurora Forge FC,Archie Brown,10,Attacking Midfield,Pressure,Applied,,91.5,74.3,,,,Aurora Forge FC,0.7,,,#6A3DB8,#18A6A6
FICTIONAL-DEMO-001,2026-08-16,Aurora Forge FC,Velvet Comet Athletic,2,70,18,Aurora Forge FC,Jack Murphy,5,Centre Back,Pressure,Applied,,54.5,54.9,,,,Aurora Forge FC,1.0,,,#6A3DB8,#18A6A6
FICTIONAL-DEMO-001,2026-08-16,Aurora Forge FC,Velvet Comet Athletic,2,70,30,Velvet Comet Athletic,Joshua Hall,10,Attacking Midfield,Pass,Complete,Mason Clark,21.7,54.8,45.3,54.5,,Velvet Comet Athletic,1.5,,,#6A3DB8,#18A6A6
FICTIONAL-DEMO-001,2026-08-16,Aurora Forge FC,Velvet Comet Athletic,2,70,37,Aurora Forge FC,Leo Thompson,7,Right Wing,Pass,Incomplete,Lucas Martin,96.6,14.2,88.0,1.0,,Aurora Forge FC,2.0,,,#6A3DB8,#18A6A6
FICTIONAL-DEMO-001,2026-08-16,Aurora Forge FC,Velvet Comet Athletic,2,71,6,Velvet Comet Athletic,Oscar Baker,9,Striker,Pass,Incomplete,Alexander Young,71.9,38.7,87.2,53.0,,Velvet Comet Athletic,0.6,,,#6A3DB8,#18A6A6
FICTIONAL-DEMO-001,2026-08-16,Aurora Forge FC,Velvet Comet Athletic,2,71,35,Aurora Forge FC,Daniel Kim,18,Striker,Shot,Saved,,108,36,,,0.22,Aurora Forge FC,0.8,,Close-range chance,#6A3DB8,#18A6A6
FICTIONAL-DEMO-001,2026-08-16,Aurora Forge FC,Velvet Comet Athletic,2,71,50,Aurora Forge FC,Noah Singh,2,Right Back,Interception,Won,,96.8,70.6,,,,Aurora Forge FC,0.4,,,#6A3DB8,#18A6A6
FICTIONAL-DEMO-001,2026-08-16,Aurora Forge FC,Velvet Comet Athletic,2,71,55,Aurora Forge FC,Charlie Davis,11,Left Wing,Pass,Complete,Lucas Martin,81.8,31.9,71.1,33.6,,Aurora Forge FC,0.7,,,#6A3DB8,#18A6A6
FICTIONAL-DEMO-001,2026-08-16,Aurora Forge FC,Velvet Comet Athletic,2,72,0,Velvet Comet Athletic,Oscar Baker,9,Striker,Substitution,Tactical,Xavier Nelson,60,40,,,,Velvet Comet Athletic,0.5,,Xavier Nelson replaces Oscar Baker,#6A3DB8,#18A6A6
FICTIONAL-DEMO-001,2026-08-16,Aurora Forge FC,Velvet Comet Athletic,2,72,58,Velvet Comet Athletic,Ryan Patel,1,Goalkeeper,Pass,Complete,Alexander Young,76.7,69.4,93.7,62.0,,Velvet Comet Athletic,0.8,,,#6A3DB8,#18A6A6
FICTIONAL-DEMO-001,2026-08-16,Aurora Forge FC,Velvet Comet Athletic,2,73,6,Aurora Forge FC,Noah Singh,2,Right Back,Pass,Complete,Jack Murphy,52.4,37.6,64.7,53.9,,Aurora Forge FC,0.9,,,#6A3DB8,#18A6A6
FICTIONAL-DEMO-001,2026-08-16,Aurora Forge FC,Velvet Comet Athletic,2,73,43,Aurora Forge FC,Ethan Cole,4,Centre Back,Pass,Complete,Henry Wilson,31.0,67.1,54.2,79.0,,Aurora Forge FC,1.3,,,#6A3DB8,#18A6A6
FICTIONAL-DEMO-001,2026-08-16,Aurora Forge FC,Velvet Comet Athletic,2,74,1,Velvet Comet Athletic,Oscar Baker,9,Striker,Pass,Complete,Hudson White,89.2,72.8,82.5,79.0,,Velvet Comet Athletic,1.2,,,#6A3DB8,#18A6A6
FICTIONAL-DEMO-001,2026-08-16,Aurora Forge FC,Velvet Comet Athletic,2,74,20,Velvet Comet Athletic,Alexander Young,3,Left Back,Pressure,Applied,,103.5,64.4,,,,Velvet Comet Athletic,1.1,,,#6A3DB8,#18A6A6
FICTIONAL-DEMO-001,2026-08-16,Aurora Forge FC,Velvet Comet Athletic,2,74,44,Aurora Forge FC,Henry Wilson,8,Centre Midfield,Pass,Incomplete,Ben Walker,51.6,31.8,62.3,47.0,,Aurora Forge FC,2.1,,,#6A3DB8,#18A6A6
FICTIONAL-DEMO-001,2026-08-16,Aurora Forge FC,Velvet Comet Athletic,2,75,15,Velvet Comet Athletic,James Lee,2,Right Back,Interception,Won,,92.6,35.9,,,,Velvet Comet Athletic,0.2,,,#6A3DB8,#18A6A6
FICTIONAL-DEMO-001,2026-08-16,Aurora Forge FC,Velvet Comet Athletic,2,75,21,Aurora Forge FC,Lucas Martin,6,Defensive Midfield,Pass,Complete,Oliver Chen,77.0,63.4,89.3,53.2,,Aurora Forge FC,0.6,,,#6A3DB8,#18A6A6
FICTIONAL-DEMO-001,2026-08-16,Aurora Forge FC,Velvet Comet Athletic,2,75,54,Aurora Forge FC,Ethan Cole,4,Centre Back,Pass,Complete,Sam Taylor,102.5,23.0,114.2,26.4,,Aurora Forge FC,2.4,,,#6A3DB8,#18A6A6
FICTIONAL-DEMO-001,2026-08-16,Aurora Forge FC,Velvet Comet Athletic,2,76,3,Velvet Comet Athletic,Ryan Patel,1,Goalkeeper,Pass,Complete,Isaac Adams,83.5,55.4,92.0,64.0,,Velvet Comet Athletic,2.3,,,#6A3DB8,#18A6A6
FICTIONAL-DEMO-001,2026-08-16,Aurora Forge FC,Velvet Comet Athletic,2,76,18,Aurora Forge FC,Leo Thompson,7,Right Wing,Pressure,Applied,,37.8,16.2,,,,Aurora Forge FC,1.5,,,#6A3DB8,#18A6A6
FICTIONAL-DEMO-001,2026-08-16,Aurora Forge FC,Velvet Comet Athletic,2,76,26,Velvet Comet Athletic,Xavier Nelson,19,Striker,Shot,Saved,,110,45,,,0.19,Velvet Comet Athletic,0.8,,Transition chance,#6A3DB8,#18A6A6
FICTIONAL-DEMO-001,2026-08-16,Aurora Forge FC,Velvet Comet Athletic,2,76,35,Velvet Comet Athletic,Isaac Adams,14,Centre Midfield,Pass,Complete,Thomas Evans,90.4,54.9,114.1,58.5,,Velvet Comet Athletic,0.9,,,#6A3DB8,#18A6A6
FICTIONAL-DEMO-001,2026-08-16,Aurora Forge FC,Velvet Comet Athletic,2,77,26,Velvet Comet Athletic,Isaac Adams,14,Centre Midfield,Pass,Complete,Ryan Patel,53.7,47.5,76.9,50.9,,Velvet Comet Athletic,2.0,,,#6A3DB8,#18A6A6
FICTIONAL-DEMO-001,2026-08-16,Aurora Forge FC,Velvet Comet Athletic,2,77,36,Aurora Forge FC,Henry Wilson,8,Centre Midfield,Pressure,Applied,,84.5,61.2,,,,Aurora Forge FC,1.0,,,#6A3DB8,#18A6A6
FICTIONAL-DEMO-001,2026-08-16,Aurora Forge FC,Velvet Comet Athletic,2,77,52,Aurora Forge FC,Henry Wilson,8,Centre Midfield,Pass,Complete,Ben Walker,65.2,63.1,74.1,57.1,,Aurora Forge FC,1.4,,,#6A3DB8,#18A6A6
FICTIONAL-DEMO-001,2026-08-16,Aurora Forge FC,Velvet Comet Athletic,2,78,41,Aurora Forge FC,Liam Hart,1,Goalkeeper,Pass,Complete,Daniel Kim,94.0,58.1,85.9,66.6,,Aurora Forge FC,2.4,,,#6A3DB8,#18A6A6
FICTIONAL-DEMO-001,2026-08-16,Aurora Forge FC,Velvet Comet Athletic,2,78,44,Velvet Comet Athletic,Xavier Nelson,19,Striker,Pass,Complete,Mason Clark,89.2,24.0,104.7,14.5,,Velvet Comet Athletic,1.7,,,#6A3DB8,#18A6A6
FICTIONAL-DEMO-001,2026-08-16,Aurora Forge FC,Velvet Comet Athletic,2,79,0,Aurora Forge FC,Leo Thompson,7,Right Wing,Substitution,Tactical,Ben Walker,60,40,,,,Aurora Forge FC,0.5,,Ben Walker replaces Leo Thompson,#6A3DB8,#18A6A6
FICTIONAL-DEMO-001,2026-08-16,Aurora Forge FC,Velvet Comet Athletic,2,79,3,Aurora Forge FC,Liam Hart,1,Goalkeeper,Pass,Incomplete,Oliver Chen,37.0,32.8,51.7,29.5,,Aurora Forge FC,1.1,,,#6A3DB8,#18A6A6
FICTIONAL-DEMO-001,2026-08-16,Aurora Forge FC,Velvet Comet Athletic,2,79,25,Aurora Forge FC,Jack Murphy,5,Centre Back,Pass,Complete,Charlie Davis,108.5,57.1,119.0,49.4,,Aurora Forge FC,1.7,,,#6A3DB8,#18A6A6
FICTIONAL-DEMO-001,2026-08-16,Aurora Forge FC,Velvet Comet Athletic,2,79,39,Aurora Forge FC,Jack Murphy,5,Centre Back,Pressure,Applied,,57.3,48.8,,,,Aurora Forge FC,1.2,,,#6A3DB8,#18A6A6
FICTIONAL-DEMO-001,2026-08-16,Aurora Forge FC,Velvet Comet Athletic,2,80,15,Velvet Comet Athletic,James Lee,2,Right Back,Pass,Complete,Isaac Adams,47.4,58.2,72.5,70.5,,Velvet Comet Athletic,0.8,,Progressive forward pass,#6A3DB8,#18A6A6
FICTIONAL-DEMO-001,2026-08-16,Aurora Forge FC,Velvet Comet Athletic,2,80,18,Velvet Comet Athletic,Mason Clark,6,Defensive Midfield,Duel,Won,,26.0,30.9,,,,Velvet Comet Athletic,0.7,,,#6A3DB8,#18A6A6
FICTIONAL-DEMO-001,2026-08-16,Aurora Forge FC,Velvet Comet Athletic,2,80,53,Velvet Comet Athletic,Alexander Young,3,Left Back,Pass,Complete,Joshua Hall,65.2,50.2,53.9,45.5,,Velvet Comet Athletic,2.3,,,#6A3DB8,#18A6A6
FICTIONAL-DEMO-001,2026-08-16,Aurora Forge FC,Velvet Comet Athletic,2,81,36,Aurora Forge FC,Jack Murphy,5,Centre Back,Pass,Complete,Lucas Martin,37.5,59.3,48.0,63.8,,Aurora Forge FC,1.8,,,#6A3DB8,#18A6A6
FICTIONAL-DEMO-001,2026-08-16,Aurora Forge FC,Velvet Comet Athletic,2,82,5,Aurora Forge FC,Liam Hart,1,Goalkeeper,Pressure,Applied,,91.6,47.2,,,,Aurora Forge FC,0.6,,,#6A3DB8,#18A6A6
FICTIONAL-DEMO-001,2026-08-16,Aurora Forge FC,Velvet Comet Athletic,2,82,10,Velvet Comet Athletic,Hudson White,16,Left Wing,Pass,Incomplete,Oscar Baker,27.7,72.9,54.0,64.1,,Velvet Comet Athletic,0.8,,Progressive forward pass,#6A3DB8,#18A6A6
FICTIONAL-DEMO-001,2026-08-16,Aurora Forge FC,Velvet Comet Athletic,2,82,32,Aurora Forge FC,Charlie Davis,11,Left Wing,Shot,Saved,,106,28,,,0.15,Aurora Forge FC,0.8,,Back-post shot,#6A3DB8,#18A6A6
FICTIONAL-DEMO-001,2026-08-16,Aurora Forge FC,Velvet Comet Athletic,2,82,50,Aurora Forge FC,Sam Taylor,14,Centre Midfield,Pass,Incomplete,Leo Thompson,44.4,22.4,73.0,38.9,,Aurora Forge FC,2.1,,Progressive forward pass,#6A3DB8,#18A6A6
FICTIONAL-DEMO-001,2026-08-16,Aurora Forge FC,Velvet Comet Athletic,2,83,4,Aurora Forge FC,Oliver Chen,3,Left Back,Pass,Complete,Noah Singh,80.9,38.4,103.3,35.2,,Aurora Forge FC,1.1,,,#6A3DB8,#18A6A6
FICTIONAL-DEMO-001,2026-08-16,Aurora Forge FC,Velvet Comet Athletic,2,83,11,Velvet Comet Athletic,William Scott,5,Centre Back,Pass,Complete,Isaac Adams,85.7,43.2,95.0,60.4,,Velvet Comet Athletic,2.0,,,#6A3DB8,#18A6A6
FICTIONAL-DEMO-001,2026-08-16,Aurora Forge FC,Velvet Comet Athletic,2,83,19,Velvet Comet Athletic,Mason Clark,6,Defensive Midfield,Pressure,Applied,,84.4,49.5,,,,Velvet Comet Athletic,1.3,,,#6A3DB8,#18A6A6
FICTIONAL-DEMO-001,2026-08-16,Aurora Forge FC,Velvet Comet Athletic,2,84,15,Velvet Comet Athletic,Oscar Baker,9,Striker,Pass,Complete,Xavier Nelson,32.6,10.0,58.7,8.7,,Velvet Comet Athletic,2.3,,Progressive forward pass,#6A3DB8,#18A6A6
FICTIONAL-DEMO-001,2026-08-16,Aurora Forge FC,Velvet Comet Athletic,2,84,31,Aurora Forge FC,Ethan Cole,4,Centre Back,Block,Won,,41.7,56.1,,,,Aurora Forge FC,1.1,,,#6A3DB8,#18A6A6
FICTIONAL-DEMO-001,2026-08-16,Aurora Forge FC,Velvet Comet Athletic,2,84,53,Aurora Forge FC,Jack Murphy,5,Centre Back,Pass,Complete,Ethan Cole,102.3,67.5,118.6,63.9,,Aurora Forge FC,0.9,,,#6A3DB8,#18A6A6
FICTIONAL-DEMO-001,2026-08-16,Aurora Forge FC,Velvet Comet Athletic,2,85,2,Velvet Comet Athletic,Thomas Evans,4,Centre Back,Pass,Incomplete,Hudson White,25.2,23.2,18.0,29.7,,Velvet Comet Athletic,2.2,,,#6A3DB8,#18A6A6
FICTIONAL-DEMO-001,2026-08-16,Aurora Forge FC,Velvet Comet Athletic,2,85,32,Aurora Forge FC,Noah Singh,2,Right Back,Pass,Incomplete,Oliver Chen,42.5,14.9,66.7,18.4,,Aurora Forge FC,1.2,,,#6A3DB8,#18A6A6
FICTIONAL-DEMO-001,2026-08-16,Aurora Forge FC,Velvet Comet Athletic,2,86,0,Aurora Forge FC,Ben Walker,17,Right Wing,Pass,Incomplete,Charlie Davis,87.6,18.1,97.8,34.0,,Aurora Forge FC,1.1,,,#6A3DB8,#18A6A6
FICTIONAL-DEMO-001,2026-08-16,Aurora Forge FC,Velvet Comet Athletic,2,86,13,Aurora Forge FC,Daniel Kim,18,Striker,Shot,Goal,,113,41,,,0.43,Aurora Forge FC,0.8,,Six-yard finish,#6A3DB8,#18A6A6
FICTIONAL-DEMO-001,2026-08-16,Aurora Forge FC,Velvet Comet Athletic,2,86,41,Aurora Forge FC,Oliver Chen,3,Left Back,Pass,Incomplete,Leo Thompson,78.1,59.2,100.8,45.9,,Aurora Forge FC,1.4,,,#6A3DB8,#18A6A6
FICTIONAL-DEMO-001,2026-08-16,Aurora Forge FC,Velvet Comet Athletic,2,87,27,Velvet Comet Athletic,Mason Clark,6,Defensive Midfield,Pressure,Applied,,105.7,69.9,,,,Velvet Comet Athletic,1.0,,,#6A3DB8,#18A6A6
FICTIONAL-DEMO-001,2026-08-16,Aurora Forge FC,Velvet Comet Athletic,2,87,44,Aurora Forge FC,Archie Brown,10,Attacking Midfield,Pass,Complete,Leo Thompson,27.3,69.3,54.4,62.7,,Aurora Forge FC,1.4,,Progressive forward pass,#6A3DB8,#18A6A6
FICTIONAL-DEMO-001,2026-08-16,Aurora Forge FC,Velvet Comet Athletic,2,87,53,Velvet Comet Athletic,Xavier Nelson,19,Striker,Pass,Complete,Hudson White,30.5,18.9,20.5,34.1,,Velvet Comet Athletic,1.2,,,#6A3DB8,#18A6A6
FICTIONAL-DEMO-001,2026-08-16,Aurora Forge FC,Velvet Comet Athletic,2,88,1,Aurora Forge FC,Ethan Cole,4,Centre Back,Pressure,Applied,,78.7,28.9,,,,Aurora Forge FC,1.6,,,#6A3DB8,#18A6A6
FICTIONAL-DEMO-001,2026-08-16,Aurora Forge FC,Velvet Comet Athletic,2,88,29,Velvet Comet Athletic,Hudson White,16,Left Wing,Pass,Complete,Alexander Young,57.9,65.8,67.8,79.0,,Velvet Comet Athletic,0.9,,,#6A3DB8,#18A6A6
FICTIONAL-DEMO-001,2026-08-16,Aurora Forge FC,Velvet Comet Athletic,2,88,56,Velvet Comet Athletic,Harrison King,8,Centre Midfield,Pass,Complete,Jacob Green,74.1,32.7,101.1,25.4,,Velvet Comet Athletic,2.0,,Progressive forward pass,#6A3DB8,#18A6A6
FICTIONAL-DEMO-001,2026-08-16,Aurora Forge FC,Velvet Comet Athletic,2,89,44,Velvet Comet Athletic,Jacob Green,11,Left Wing,Pass,Complete,Harrison King,33.0,54.9,41.9,53.8,,Velvet Comet Athletic,2.4,,,#6A3DB8,#18A6A6
FICTIONAL-DEMO-001,2026-08-16,Aurora Forge FC,Velvet Comet Athletic,2,90,26,Velvet Comet Athletic,Joshua Hall,10,Attacking Midfield,Shot,Off Target,,99,38,,,0.04,Velvet Comet Athletic,0.8,,Long-range effort,#6A3DB8,#18A6A6
